PassengerId,Survived,Pclass,Age,Fare,Sex_male,Embarked_Q,Embarked_S,Cabin_B,Cabin_C,Cabin_D,Cabin_E,Cabin_F,Cabin_G,Cabin_None,Cabin_T,FamilyMembers
1,0,0,22.0,2.1102132003465894,1,0,1,0,0,0,0,0,0,1,0,1
2,1,2,38.0,4.2805931204649,0,0,0,0,1,0,0,0,0,0,0,1
3,1,0,26.0,2.188856327665703,0,0,1,0,0,0,0,0,0,1,0,0
4,1,2,35.0,3.9908341858524357,0,0,1,0,1,0,0,0,0,0,0,1
5,0,0,35.0,2.2027647577118348,1,0,1,0,0,0,0,0,0,1,0,0
6,0,0,28.0,2.246892662898172,1,1,0,0,0,0,0,0,0,1,0,0
7,0,2,54.0,3.967694202798607,1,0,1,0,0,0,1,0,0,0,0,0
8,0,0,2.0,3.0944457464900235,1,0,1,0,0,0,0,0,0,1,0,4
9,1,0,27.0,2.495953738718064,0,0,1,0,0,0,0,0,0,1,0,2
10,1,1,14.0,3.436268471383741,0,0,0,0,0,0,0,0,0,1,0,1
11,1,0,4.0,2.8735646395797834,0,0,1,0,0,0,0,0,1,0,0,2
12,1,2,58.0,3.3160025355989236,0,0,1,0,1,0,0,0,0,0,0,0
13,0,0,20.0,2.2027647577118348,1,0,1,0,0,0,0,0,0,1,0,0
14,0,0,39.0,3.4742929367327062,1,0,1,0,0,0,0,0,0,1,0,6
15,0,0,14.0,2.180891922715322,0,0,1,0,0,0,0,0,0,1,0,0
16,1,1,55.0,2.833213344056216,0,0,1,0,0,0,0,0,0,1,0,0
17,0,0,2.0,3.405355391810819,1,1,0,0,0,0,0,0,0,1,0,5
18,1,1,28.0,2.6390573296152584,1,0,1,0,0,0,0,0,0,1,0,0
19,0,0,31.0,2.9444389791664403,0,0,1,0,0,0,0,0,0,1,0,1
20,1,0,28.0,2.1071782966514356,0,0,0,0,0,0,0,0,0,1,0,0
21,0,1,35.0,3.295836866004329,1,0,1,0,0,0,0,0,0,1,0,0
22,1,1,34.0,2.6390573296152584,1,0,1,0,0,1,0,0,0,0,0,0
23,1,0,15.0,2.2004637699272855,0,1,0,0,0,0,0,0,0,1,0,0
24,1,2,28.0,3.597312260588446,1,0,1,0,0,0,0,0,0,0,0,0
25,0,0,8.0,3.0944457464900235,0,0,1,0,0,0,0,0,0,1,0,4
26,1,0,38.0,3.4777725458882283,0,0,1,0,0,0,0,0,0,1,0,6
27,0,0,28.0,2.1071782966514356,1,0,0,0,0,0,0,0,0,1,0,0
28,0,2,19.0,5.575949103146316,1,0,1,0,1,0,0,0,0,0,0,5
29,1,0,28.0,2.1837114628556327,0,1,0,0,0,0,0,0,0,1,0,0
30,0,0,28.0,2.1855792552411137,1,0,1,0,0,0,0,0,0,1,0,0
31,0,2,40.0,3.357621598945279,1,0,0,0,0,0,0,0,0,1,0,0
32,1,2,28.0,4.993969182787072,0,0,0,1,0,0,0,0,0,0,0,1
33,1,0,28.0,2.169053700369523,0,1,0,0,0,0,0,0,0,1,0,0
34,0,1,66.0,2.4423470353692043,1,0,1,0,0,0,0,0,0,1,0,0
35,0,2,28.0,4.420896324687287,1,0,0,0,0,0,0,0,0,1,0,1
36,0,2,42.0,3.970291913552122,1,0,1,0,0,0,0,0,0,1,0,1
37,1,0,28.0,2.1076888046179385,1,0,0,0,0,0,0,0,0,1,0,0
38,0,0,21.0,2.2027647577118348,1,0,1,0,0,0,0,0,0,1,0,0
39,0,0,18.0,2.9444389791664403,0,0,1,0,0,0,0,0,0,1,0,2
40,1,0,14.0,2.5048481563289,0,0,0,0,0,0,0,0,0,1,0,1
41,0,0,40.0,2.348991465808201,0,0,1,0,0,0,0,0,0,1,0,1
42,0,1,27.0,3.091042453358316,0,0,1,0,0,0,0,0,0,1,0,1
43,0,0,28.0,2.1855792552411137,1,0,0,0,0,0,0,0,0,1,0,0
44,1,1,3.0,3.7513658711253766,0,0,0,0,0,0,0,0,0,1,0,3
45,1,0,19.0,2.1837114628556327,0,1,0,0,0,0,0,0,0,1,0,0
46,0,0,28.0,2.2027647577118348,1,0,1,0,0,0,0,0,0,1,0,0
47,0,0,28.0,2.803360380906535,1,1,0,0,0,0,0,0,0,1,0,1
48,1,0,28.0,2.169053700369523,0,1,0,0,0,0,0,0,0,1,0,0
49,0,0,28.0,3.1214482048688246,1,0,0,0,0,0,0,0,0,1,0,2
50,0,0,18.0,2.9338568698359038,0,0,1,0,0,0,0,0,0,1,0,1
51,0,0,7.0,3.705920919968788,1,0,1,0,0,0,0,0,0,1,0,5
52,0,0,21.0,2.174751721484161,1,0,1,0,0,0,0,0,0,1,0,0
53,1,2,49.0,4.353230991152628,0,0,0,0,0,1,0,0,0,0,0,1
54,1,1,29.0,3.295836866004329,0,0,1,0,0,0,0,0,0,1,0,1
55,0,2,65.0,4.142804513146981,1,0,0,1,0,0,0,0,0,0,0,1
56,1,2,28.0,3.597312260588446,1,0,1,0,1,0,0,0,0,0,0,0
57,1,1,21.0,2.4423470353692043,0,0,1,0,0,0,0,0,0,1,0,0
58,0,0,28.5,2.1076888046179385,1,0,0,0,0,0,0,0,0,1,0,0
59,1,1,5.0,3.3586377672433594,0,0,1,0,0,0,0,0,0,1,0,3
60,0,0,11.0,3.8691155044168695,1,0,1,0,0,0,0,0,0,1,0,7
61,0,0,22.0,2.1076888046179385,1,0,0,0,0,0,0,0,0,1,0,0
62,1,2,38.0,4.394449154672439,0,0,0,1,0,0,0,0,0,0,0,0
63,0,2,45.0,4.436455632600354,1,0,1,0,1,0,0,0,0,0,0,1
64,0,0,4.0,3.3638415951183864,1,0,1,0,0,0,0,0,0,1,0,5
65,0,2,28.0,3.357621598945279,1,0,0,0,0,0,0,0,0,1,0,0
66,1,0,28.0,2.7878344138303452,1,0,0,0,0,0,0,0,0,1,0,2
67,1,1,29.0,2.4423470353692043,0,0,1,0,0,0,0,1,0,0,0,0
68,0,0,19.0,2.2146605719425225,1,0,1,0,0,0,0,0,0,1,0,0
69,1,0,17.0,2.188856327665703,0,0,1,0,0,0,0,0,0,1,0,6
70,0,0,26.0,2.2682524139135403,1,0,1,0,0,0,0,0,0,1,0,2
71,0,1,32.0,2.4423470353692043,1,0,1,0,0,0,0,0,0,1,0,0
72,0,0,16.0,3.8691155044168695,0,0,1,0,0,0,0,0,0,1,0,7
73,0,1,21.0,4.310799125385514,1,0,1,0,0,0,0,0,0,1,0,0
74,0,0,26.0,2.737880811060884,1,0,0,0,0,0,0,0,0,1,0,1
75,1,0,32.0,4.05171190165724,1,0,1,0,0,0,0,0,0,1,0,0
76,0,0,25.0,2.157559320943788,1,0,1,0,0,0,0,1,0,0,0,0
77,0,0,28.0,2.1855792552411137,1,0,1,0,0,0,0,0,0,1,0,0
78,0,0,28.0,2.2027647577118348,1,0,1,0,0,0,0,0,0,1,0,0
79,1,1,0.83,3.4011973816621555,1,0,1,0,0,0,0,0,0,1,0,2
80,1,0,30.0,2.600836116795061,0,0,1,0,0,0,0,0,0,1,0,0
81,0,0,22.0,2.302585092994046,1,0,1,0,0,0,0,0,0,1,0,0
82,1,0,29.0,2.3513752571634776,1,0,1,0,0,0,0,0,0,1,0,0
83,1,0,28.0,2.1733302571367834,0,1,0,0,0,0,0,0,0,1,0,0
84,0,2,28.0,3.8732821771117156,1,0,1,0,0,0,0,0,0,1,0,0
85,1,1,17.0,2.4423470353692043,0,0,1,0,0,0,0,0,0,1,0,0
86,1,0,33.0,2.8243506567983707,0,0,1,0,0,0,0,0,0,1,0,3
87,0,0,16.0,3.5660053559634015,1,0,1,0,0,0,0,0,0,1,0,4
88,0,0,28.0,2.2027647577118348,1,0,1,0,0,0,0,0,0,1,0,0
89,1,2,23.0,5.575949103146316,0,0,1,0,1,0,0,0,0,0,0,5
90,0,0,24.0,2.2027647577118348,1,0,1,0,0,0,0,0,0,1,0,0
91,0,0,29.0,2.2027647577118348,1,0,1,0,0,0,0,0,0,1,0,0
92,0,0,20.0,2.180891922715322,1,0,1,0,0,0,0,0,0,1,0,0
93,0,2,46.0,4.1299529896894684,1,0,1,0,0,0,1,0,0,0,0,1
94,0,0,26.0,3.0715352369694915,1,0,1,0,0,0,0,0,0,1,0,3
95,0,0,59.0,2.1102132003465894,1,0,1,0,0,0,0,0,0,1,0,0
96,0,0,28.0,2.2027647577118348,1,0,1,0,0,0,0,0,0,1,0,0
97,0,2,71.0,3.57386695198272,1,0,0,0,0,0,0,0,0,0,0,0
98,1,2,23.0,4.164465907853638,1,0,0,0,0,1,0,0,0,0,0,1
99,1,1,34.0,3.1780538303479458,0,0,1,0,0,0,0,0,0,1,0,1
100,0,1,34.0,3.295836866004329,1,0,1,0,0,0,0,0,0,1,0,1
101,0,0,28.0,2.1855792552411137,0,0,1,0,0,0,0,0,0,1,0,0
102,0,0,28.0,2.1855792552411137,1,0,1,0,0,0,0,0,0,1,0,0
103,0,2,21.0,4.360387947851531,1,0,1,0,0,1,0,0,0,0,0,1
104,0,0,33.0,2.267393053825037,1,0,1,0,0,0,0,0,0,1,0,0
105,0,0,37.0,2.188856327665703,1,0,1,0,0,0,0,0,0,1,0,2
106,0,0,28.0,2.1855792552411137,1,0,1,0,0,0,0,0,0,1,0,0
107,1,0,21.0,2.157559320943788,0,0,1,0,0,0,0,0,0,1,0,0
108,1,0,28.0,2.1719067693519296,1,0,1,0,0,0,0,0,0,1,0,0
109,0,0,38.0,2.1855792552411137,1,0,1,0,0,0,0,0,0,1,0,0
110,1,0,28.0,3.224857896545748,0,1,0,0,0,0,0,0,0,1,0,1
111,0,2,47.0,3.970291913552122,1,0,1,0,1,0,0,0,0,0,0,0
112,0,0,14.5,2.737880811060884,0,0,0,0,0,0,0,0,0,1,0,1
113,0,0,22.0,2.2027647577118348,1,0,1,0,0,0,0,0,0,1,0,0
114,0,0,20.0,2.3818582738885534,0,0,1,0,0,0,0,0,0,1,0,1
115,0,0,17.0,2.738146075922933,0,0,0,0,0,0,0,0,0,1,0,0
116,0,0,21.0,2.188856327665703,1,0,1,0,0,0,0,0,0,1,0,0
117,0,0,70.5,2.169053700369523,1,1,0,0,0,0,0,0,0,1,0,0
118,0,1,29.0,3.091042453358316,1,0,1,0,0,0,0,0,0,1,0,1
119,0,2,24.0,5.515526544247129,1,0,0,1,0,0,0,0,0,0,0,1
120,0,0,2.0,3.4742929367327062,0,0,1,0,0,0,0,0,0,1,0,6
121,0,1,21.0,4.310799125385514,1,0,1,0,0,0,0,0,0,1,0,2
122,0,0,28.0,2.2027647577118348,1,0,1,0,0,0,0,0,0,1,0,0
123,0,1,32.5,3.436268471383741,1,0,0,0,0,0,0,0,0,1,0,1
124,1,1,32.5,2.6390573296152584,0,0,1,0,0,0,1,0,0,0,0,0
125,0,2,54.0,4.360387947851531,1,0,1,0,0,1,0,0,0,0,0,1
126,1,0,12.0,2.5048481563289,1,0,0,0,0,0,0,0,0,1,0,1
127,0,0,28.0,2.169053700369523,1,1,0,0,0,0,0,0,0,1,0,0
128,1,0,24.0,2.0969990034181696,1,0,1,0,0,0,0,0,0,1,0,0
129,1,0,28.0,3.1509523813392697,0,0,0,0,0,0,0,1,0,0,0,2
130,0,0,45.0,2.076311648670908,1,0,1,0,0,0,0,0,0,1,0,0
131,0,0,33.0,2.1855792552411137,1,0,0,0,0,0,0,0,0,1,0,0
132,0,0,20.0,2.085672091430472,1,0,1,0,0,0,0,0,0,1,0,0
133,0,0,47.0,2.740840023925201,0,0,1,0,0,0,0,0,0,1,0,1
134,1,1,29.0,3.295836866004329,0,0,1,0,0,0,0,0,0,1,0,1
135,0,1,25.0,2.6390573296152584,1,0,1,0,0,0,0,0,0,1,0,0
136,0,1,23.0,2.775447133088262,1,0,0,0,0,0,0,0,0,1,0,0
137,1,2,19.0,3.3062747934011893,0,0,1,0,0,1,0,0,0,0,0,2
138,0,2,37.0,3.9908341858524357,1,0,1,0,1,0,0,0,0,0,0,1
139,0,0,16.0,2.3240236363515288,1,0,1,0,0,0,0,0,0,1,0,0
140,0,2,24.0,4.384523514872469,1,0,0,1,0,0,0,0,0,0,0,0
141,0,0,28.0,2.7878344138303452,0,0,0,0,0,0,0,0,0,1,0,2
142,1,0,22.0,2.169053700369523,0,0,1,0,0,0,0,0,0,1,0,0
143,1,0,24.0,2.8243506567983707,0,0,1,0,0,0,0,0,0,1,0,1
144,0,0,19.0,2.0476928433652555,1,1,0,0,0,0,0,0,0,1,0,0
145,0,1,18.0,2.5257286443082556,1,0,1,0,0,0,0,0,0,1,0,0
146,0,1,19.0,3.6309854756950335,1,0,1,0,0,0,0,0,0,1,0,2
147,1,0,27.0,2.174274334826008,1,0,1,0,0,0,0,0,0,1,0,0
148,0,0,9.0,3.5660053559634015,0,0,1,0,0,0,0,0,0,1,0,4
149,0,1,36.5,3.295836866004329,1,0,1,0,0,0,0,1,0,0,0,2
150,0,1,42.0,2.6390573296152584,1,0,1,0,0,0,0,0,0,1,0,0
151,0,1,51.0,2.6045398247325453,1,0,1,0,0,0,0,0,0,1,0,0
152,1,2,22.0,4.213607983048918,0,0,1,0,1,0,0,0,0,0,0,1
153,0,0,55.5,2.2027647577118348,1,0,1,0,0,0,0,0,0,1,0,0
154,0,0,40.5,2.740840023925201,1,0,1,0,0,0,0,0,0,1,0,2
155,0,0,28.0,2.1177604059819726,1,0,1,0,0,0,0,0,0,1,0,0
156,0,2,51.0,4.133231886474144,1,0,0,0,0,0,0,0,0,1,0,1
157,1,0,16.0,2.167143305297764,0,1,0,0,0,0,0,0,0,1,0,0
158,0,0,30.0,2.2027647577118348,1,0,1,0,0,0,0,0,0,1,0,0
159,0,0,28.0,2.2682524139135403,1,0,1,0,0,0,0,0,0,1,0,0
160,0,0,28.0,4.256321678298823,1,0,1,0,0,0,0,0,0,1,0,10
161,0,0,44.0,2.8390784635086144,1,0,1,0,0,0,0,0,0,1,0,1
162,1,1,40.0,2.8183982582710754,0,0,1,0,0,0,0,0,0,1,0,0
163,0,0,26.0,2.1719067693519296,1,0,1,0,0,0,0,0,0,1,0,0
164,0,0,17.0,2.2682524139135403,1,0,1,0,0,0,0,0,0,1,0,0
165,0,0,1.0,3.705920919968788,1,0,1,0,0,0,0,0,0,1,0,5
166,1,0,9.0,3.0692150503137943,1,0,1,0,0,0,0,0,0,1,0,2
167,1,2,28.0,4.02535169073515,0,0,1,0,0,0,1,0,0,0,0,1
168,0,0,45.0,3.3638415951183864,0,0,1,0,0,0,0,0,0,1,0,5
169,0,2,28.0,3.2930552230424524,1,0,1,0,0,0,0,0,0,1,0,0
170,0,0,28.0,4.05171190165724,1,0,1,0,0,0,0,0,0,1,0,0
171,0,2,61.0,3.5409593240373143,1,0,1,1,0,0,0,0,0,0,0,0
172,0,0,4.0,3.405355391810819,1,1,0,0,0,0,0,0,0,1,0,5
173,1,0,1.0,2.495953738718064,0,0,1,0,0,0,0,0,0,1,0,2
174,0,0,21.0,2.188856327665703,1,0,1,0,0,0,0,0,0,1,0,0
175,0,2,56.0,3.4561841799918147,1,0,0,0,0,0,0,0,0,0,0,0
176,0,0,18.0,2.180891922715322,1,0,1,0,0,0,0,0,0,1,0,2
177,0,0,28.0,3.275887339030031,1,0,1,0,0,0,0,0,0,1,0,4
178,0,2,50.0,3.391567832686312,0,0,0,0,1,0,0,0,0,0,0,0
179,0,1,30.0,2.6390573296152584,1,0,1,0,0,0,0,0,0,1,0,0
180,0,0,36.0,0.0,1,0,1,0,0,0,0,0,0,1,0,0
181,0,0,28.0,4.256321678298823,0,0,1,0,0,0,0,0,0,1,0,10
182,0,1,28.0,2.775708849576025,1,0,0,0,0,0,0,0,0,1,0,0
183,0,0,9.0,3.4777725458882283,1,0,1,0,0,0,0,0,0,1,0,6
184,1,1,1.0,3.6888794541139363,1,0,1,0,0,0,0,1,0,0,0,3
185,1,0,4.0,3.1365805821413706,0,0,1,0,0,0,0,0,0,1,0,2
186,0,2,28.0,3.9318256327243257,1,0,1,0,0,0,0,0,0,0,0,0
187,1,0,28.0,2.803360380906535,0,1,0,0,0,0,0,0,0,1,0,1
188,1,2,45.0,3.3160025355989236,1,0,1,0,0,0,0,0,0,1,0,0
189,0,0,40.0,2.803360380906535,1,1,0,0,0,0,0,0,0,1,0,2
190,0,0,36.0,2.1855792552411137,1,0,1,0,0,0,0,0,0,1,0,0
191,1,1,32.0,2.6390573296152584,0,0,1,0,0,0,0,0,0,1,0,0
192,0,1,19.0,2.6390573296152584,1,0,1,0,0,0,0,0,0,1,0,0
193,1,0,19.0,2.180891922715322,0,0,1,0,0,0,0,0,0,1,0,1
194,1,1,3.0,3.295836866004329,1,0,1,0,0,0,0,1,0,0,0,2
195,1,2,44.0,3.357621598945279,0,0,0,1,0,0,0,0,0,0,0,0
196,1,2,58.0,4.993969182787072,0,0,0,1,0,0,0,0,0,0,0,0
197,0,0,28.0,2.169053700369523,1,1,0,0,0,0,0,0,0,1,0,0
198,0,0,42.0,2.2411563979973974,1,0,1,0,0,0,0,0,0,1,0,1
199,1,0,28.0,2.169053700369523,0,1,0,0,0,0,0,0,0,1,0,0
200,0,1,24.0,2.6390573296152584,0,0,1,0,0,0,0,0,0,1,0,0
201,0,0,28.0,2.3513752571634776,1,0,1,0,0,0,0,0,0,1,0,0
202,0,0,28.0,4.256321678298823,1,0,1,0,0,0,0,0,0,1,0,10
203,0,0,34.0,2.0143428636837015,1,0,1,0,0,0,0,0,0,1,0,0
204,0,0,45.5,2.1071782966514356,1,0,0,0,0,0,0,0,0,1,0,0
205,1,0,18.0,2.2027647577118348,1,0,1,0,0,0,0,0,0,1,0,0
206,0,0,2.0,2.4390808375825834,0,0,1,0,0,0,0,0,1,0,0,1
207,0,0,32.0,2.8243506567983707,1,0,1,0,0,0,0,0,0,1,0,1
208,1,0,26.0,2.9850504252071306,1,0,0,0,0,0,0,0,0,1,0,0
209,1,0,16.0,2.169053700369523,0,1,0,0,0,0,0,0,0,1,0,0
210,1,2,40.0,3.4657359027997265,1,0,0,0,0,0,0,0,0,0,0,0
211,0,0,24.0,2.085672091430472,1,0,1,0,0,0,0,0,0,1,0,0
212,1,1,35.0,3.091042453358316,0,0,1,0,0,0,0,0,0,1,0,0
213,0,0,22.0,2.1102132003465894,1,0,1,0,0,0,0,0,0,1,0,0
214,0,1,30.0,2.6390573296152584,1,0,1,0,0,0,0,0,0,1,0,0
215,0,0,28.0,2.169053700369523,1,1,0,0,0,0,0,0,0,1,0,1
216,1,2,31.0,4.738607824217808,0,0,0,0,0,1,0,0,0,0,0,1
217,1,0,27.0,2.188856327665703,0,0,1,0,0,0,0,0,0,1,0,0
218,0,1,42.0,3.332204510175204,1,0,1,0,0,0,0,0,0,1,0,1
219,1,2,32.0,4.347586575960343,0,0,0,0,0,1,0,0,0,0,0,0
220,0,1,30.0,2.4423470353692043,1,0,1,0,0,0,0,0,0,1,0,0
221,1,0,16.0,2.2027647577118348,1,0,1,0,0,0,0,0,0,1,0,0
222,0,1,27.0,2.6390573296152584,1,0,1,0,0,0,0,0,0,1,0,0
223,0,0,51.0,2.2027647577118348,1,0,1,0,0,0,0,0,0,1,0,0
224,0,0,28.0,2.1855792552411137,1,0,1,0,0,0,0,0,0,1,0,0
225,1,2,38.0,4.51085950651685,1,0,1,0,1,0,0,0,0,0,0,1
226,0,0,22.0,2.336986519711378,1,0,1,0,0,0,0,0,0,1,0,0
227,1,1,19.0,2.4423470353692043,1,0,1,0,0,0,0,0,0,1,0,0
228,0,0,20.5,2.1102132003465894,1,0,1,0,0,0,0,0,0,1,0,0
229,0,1,18.0,2.6390573296152584,1,0,1,0,0,0,0,0,0,1,0,0
230,0,0,28.0,3.275887339030031,0,0,1,0,0,0,0,0,0,1,0,4
231,1,2,35.0,4.436455632600354,0,0,1,0,1,0,0,0,0,0,0,1
232,0,0,29.0,2.1719067693519296,1,0,1,0,0,0,0,0,0,1,0,0
233,0,1,59.0,2.6741486494265287,1,0,1,0,0,0,0,0,0,1,0,0
234,1,0,5.0,3.4777725458882283,0,0,1,0,0,0,0,0,0,1,0,6
235,0,1,24.0,2.4423470353692043,1,0,1,0,0,0,0,0,0,1,0,0
236,0,0,28.0,2.145931282948669,0,0,1,0,0,0,0,0,0,1,0,0
237,0,1,44.0,3.295836866004329,1,0,1,0,0,0,0,0,0,1,0,1
238,1,1,8.0,3.305053521109253,0,0,1,0,0,0,0,0,0,1,0,2
239,0,1,19.0,2.4423470353692043,1,0,1,0,0,0,0,0,0,1,0,0
240,0,1,33.0,2.5858825671280026,1,0,1,0,0,0,0,0,0,1,0,0
241,0,0,28.0,2.737880811060884,0,0,0,0,0,0,0,0,0,1,0,1
242,1,0,28.0,2.803360380906535,0,1,0,0,0,0,0,0,0,1,0,1
243,0,1,29.0,2.4423470353692043,1,0,1,0,0,0,0,0,0,1,0,0
244,0,0,22.0,2.094945728215801,1,0,1,0,0,0,0,0,0,1,0,0
245,0,0,30.0,2.1071782966514356,1,0,0,0,0,0,0,0,0,1,0,0
246,0,2,44.0,4.51085950651685,1,1,0,0,1,0,0,0,0,0,0,2
247,0,0,25.0,2.1719067693519296,0,0,1,0,0,0,0,0,0,1,0,0
248,1,1,24.0,2.740840023925201,0,0,1,0,0,0,0,0,0,1,0,2
249,1,2,37.0,3.9806942251907276,1,0,1,0,0,1,0,0,0,0,0,2
250,0,1,54.0,3.295836866004329,1,0,1,0,0,0,0,0,0,1,0,1
251,0,0,28.0,2.1102132003465894,1,0,1,0,0,0,0,0,0,1,0,0
252,0,0,29.0,2.4390808375825834,0,0,1,0,0,0,0,0,1,0,0,2
253,0,2,62.0,3.3160025355989236,1,0,1,0,1,0,0,0,0,0,0,0
254,0,0,30.0,2.8390784635086144,1,0,1,0,0,0,0,0,0,1,0,1
255,0,0,41.0,3.0545906305603445,0,0,1,0,0,0,0,0,0,1,0,2
256,1,0,29.0,2.7878344138303452,0,0,0,0,0,0,0,0,0,1,0,2
257,1,2,28.0,4.384523514872469,0,0,0,0,0,0,0,0,0,1,0,0
258,1,2,30.0,4.471638793363569,0,0,1,1,0,0,0,0,0,0,0,0
259,1,2,35.0,6.240917354759096,0,0,0,0,0,0,0,0,0,1,0,0
260,1,1,50.0,3.295836866004329,0,0,1,0,0,0,0,0,0,1,0,1
261,0,0,28.0,2.169053700369523,1,1,0,0,0,0,0,0,0,1,0,0
262,1,0,3.0,3.4777725458882283,1,0,1,0,0,0,0,0,0,1,0,6
263,0,2,52.0,4.390118804571218,1,0,1,0,0,0,1,0,0,0,0,2
264,0,2,40.0,0.0,1,0,1,1,0,0,0,0,0,0,0,0
265,0,0,28.0,2.169053700369523,0,1,0,0,0,0,0,0,0,1,0,0
266,0,1,36.0,2.4423470353692043,1,0,1,0,0,0,0,0,0,1,0,0
267,0,0,16.0,3.705920919968788,1,0,1,0,0,0,0,0,0,1,0,5
268,1,0,25.0,2.1719067693519296,1,0,1,0,0,0,0,0,0,1,0,1
269,1,2,58.0,5.039951348430309,0,0,1,0,1,0,0,0,0,0,0,1
270,1,2,35.0,4.91730069488021,0,0,1,0,1,0,0,0,0,0,0,0
271,0,2,28.0,3.4657359027997265,1,0,1,0,0,0,0,0,0,1,0,0
272,1,0,25.0,0.0,1,0,1,0,0,0,0,0,0,1,0,0
273,1,1,41.0,3.0204248861443626,0,0,1,0,0,0,0,0,0,1,0,1
274,0,2,37.0,3.4242626545931514,1,0,0,0,1,0,0,0,0,0,0,1
275,1,0,28.0,2.169053700369523,0,1,0,0,0,0,0,0,0,1,0,0
276,1,2,63.0,4.368919865004903,0,0,1,0,0,1,0,0,0,0,0,1
277,0,0,45.0,2.169053700369523,0,0,1,0,0,0,0,0,0,1,0,0
278,0,1,28.0,0.0,1,0,1,0,0,0,0,0,0,1,0,0
279,0,0,7.0,3.405355391810819,1,1,0,0,0,0,0,0,0,1,0,5
280,1,0,35.0,3.056356895370426,0,0,1,0,0,0,0,0,0,1,0,2
281,0,0,65.0,2.169053700369523,1,1,0,0,0,0,0,0,0,1,0,0
282,0,0,28.0,2.180891922715322,1,0,1,0,0,0,0,0,0,1,0,0
283,0,0,16.0,2.3513752571634776,1,0,1,0,0,0,0,0,0,1,0,0
284,1,0,19.0,2.2027647577118348,1,0,1,0,0,0,0,0,0,1,0,0
285,0,2,28.0,3.295836866004329,1,0,1,0,0,0,0,0,0,0,0,0
286,0,0,33.0,2.2682524139135403,1,0,0,0,0,0,0,0,0,1,0,0
287,1,0,30.0,2.3513752571634776,1,0,1,0,0,0,0,0,0,1,0,0
288,0,0,22.0,2.1855792552411137,1,0,1,0,0,0,0,0,0,1,0,0
289,1,1,42.0,2.6390573296152584,1,0,1,0,0,0,0,0,0,1,0,0
290,1,0,22.0,2.169053700369523,0,1,0,0,0,0,0,0,0,1,0,0
291,1,2,26.0,4.380149874661021,0,0,1,0,0,0,0,0,0,1,0,0
292,1,2,19.0,4.5226490762785785,0,0,0,1,0,0,0,0,0,0,0,1
293,0,1,36.0,2.630088659632498,1,0,0,0,0,1,0,0,0,0,0,0
294,0,0,24.0,2.2874714551839976,0,0,1,0,0,0,0,0,0,1,0,0
295,0,0,24.0,2.1855792552411137,1,0,1,0,0,0,0,0,0,1,0,0
296,0,2,28.0,3.357621598945279,1,0,0,0,0,0,0,0,0,1,0,0
297,0,0,23.5,2.1076888046179385,1,0,0,0,0,0,0,0,0,1,0,0
298,0,2,2.0,5.027492411162679,0,0,1,0,1,0,0,0,0,0,0,3
299,1,2,28.0,3.449987545831587,1,0,1,0,1,0,0,0,0,0,0,0
300,1,2,50.0,5.515526544247129,0,0,0,1,0,0,0,0,0,0,0,1
301,1,0,28.0,2.169053700369523,0,1,0,0,0,0,0,0,0,1,0,0
302,1,0,28.0,3.188416617383492,1,1,0,0,0,0,0,0,0,1,0,2
303,0,0,19.0,0.0,1,0,1,0,0,0,0,0,0,1,0,0
304,1,1,28.0,2.5915163848462583,0,1,0,0,0,0,1,0,0,0,0,0
305,0,0,28.0,2.2027647577118348,1,0,1,0,0,0,0,0,0,1,0,0
306,1,2,0.92,5.027492411162679,1,0,1,0,1,0,0,0,0,0,0,3
307,1,2,28.0,4.717456363787216,0,0,0,0,0,0,0,0,0,1,0,0
308,1,2,17.0,4.699570861409576,0,0,0,0,1,0,0,0,0,0,0,1
309,0,1,30.0,3.2188758248682006,1,0,0,0,0,0,0,0,0,1,0,1
310,1,2,30.0,4.0592215752427645,0,0,0,0,0,0,1,0,0,0,0,0
311,1,2,24.0,4.432699549165613,0,0,0,0,1,0,0,0,0,0,0,0
312,1,2,18.0,5.5735788721243535,0,0,0,1,0,0,0,0,0,0,0,4
313,0,1,26.0,3.295836866004329,0,0,1,0,0,0,0,0,0,1,0,2
314,0,0,28.0,2.1855792552411137,1,0,1,0,0,0,0,0,0,1,0,0
315,0,1,43.0,3.305053521109253,1,0,1,0,0,0,0,0,0,1,0,2
316,1,0,26.0,2.180891922715322,0,0,1,0,0,0,0,0,0,1,0,0
317,1,1,24.0,3.295836866004329,0,0,1,0,0,0,0,0,0,1,0,1
318,0,1,54.0,2.70805020110221,1,0,1,0,0,0,0,0,0,1,0,0
319,1,2,31.0,5.11118445372147,0,0,1,0,1,0,0,0,0,0,0,2
320,1,2,40.0,4.908971640319756,0,0,0,0,0,0,1,0,0,0,0,2
321,0,0,22.0,2.1102132003465894,1,0,1,0,0,0,0,0,0,1,0,0
322,0,0,27.0,2.1855792552411137,1,0,1,0,0,0,0,0,0,1,0,0
323,1,1,30.0,2.5915163848462583,0,1,0,0,0,0,0,0,0,1,0,0
324,1,1,22.0,3.4011973816621555,0,0,1,0,0,0,0,0,0,1,0,2
325,0,0,28.0,4.256321678298823,1,0,1,0,0,0,0,0,0,1,0,10
326,1,2,36.0,4.91730069488021,0,0,0,0,1,0,0,0,0,0,0,0
327,0,0,61.0,1.9792758428991135,1,0,1,0,0,0,0,0,0,1,0,0
328,1,1,36.0,2.6390573296152584,0,0,1,0,0,1,0,0,0,0,0,0
329,1,0,31.0,3.0692150503137943,0,0,1,0,0,0,0,0,0,1,0,2
330,1,2,16.0,4.077184839375167,0,0,0,1,0,0,0,0,0,0,0,1
331,1,0,28.0,3.188416617383492,0,1,0,0,0,0,0,0,0,1,0,2
332,0,2,45.5,3.3843902633457743,1,0,1,0,1,0,0,0,0,0,0,0
333,0,2,38.0,5.039951348430309,1,0,1,0,1,0,0,0,0,0,0,1
334,0,0,16.0,2.9444389791664403,1,0,1,0,0,0,0,0,0,1,0,2
335,1,2,28.0,4.902678819257608,0,0,1,0,0,0,0,0,0,1,0,1
336,0,0,28.0,2.1855792552411137,1,0,1,0,0,0,0,0,0,1,0,0
337,0,2,29.0,4.213607983048918,1,0,1,0,1,0,0,0,0,0,0,1
338,1,2,41.0,4.908971640319756,0,0,0,0,0,0,1,0,0,0,0,0
339,1,0,45.0,2.2027647577118348,1,0,1,0,0,0,0,0,0,1,0,0
340,0,2,45.0,3.597312260588446,1,0,1,0,0,0,0,0,0,0,1,0
341,1,1,2.0,3.295836866004329,1,0,1,0,0,0,0,1,0,0,0,2
342,1,2,24.0,5.575949103146316,0,0,1,0,1,0,0,0,0,0,0,5
343,0,1,28.0,2.6390573296152584,1,0,1,0,0,0,0,0,0,1,0,0
344,0,1,25.0,2.6390573296152584,1,0,1,0,0,0,0,0,0,1,0,0
345,0,1,36.0,2.6390573296152584,1,0,1,0,0,0,0,0,0,1,0,0
346,1,1,24.0,2.6390573296152584,0,0,1,0,0,0,0,1,0,0,0,0
347,1,1,40.0,2.6390573296152584,0,0,1,0,0,0,0,0,0,1,0,0
348,1,0,28.0,2.8390784635086144,0,0,1,0,0,0,0,0,0,1,0,1
349,1,0,3.0,2.827313621929028,1,0,1,0,0,0,0,0,0,1,0,2
350,0,0,42.0,2.2682524139135403,1,0,1,0,0,0,0,0,0,1,0,0
351,0,0,23.0,2.3248357019288655,1,0,1,0,0,0,0,0,0,1,0,0
352,0,2,28.0,3.58351893845611,1,0,1,0,1,0,0,0,0,0,0,0
353,0,0,15.0,2.1076888046179385,1,0,0,0,0,0,0,0,0,1,0,2
354,0,0,25.0,2.9338568698359038,1,0,1,0,0,0,0,0,0,1,0,1
355,0,0,28.0,2.1071782966514356,1,0,0,0,0,0,0,0,0,1,0,0
356,0,0,28.0,2.3513752571634776,1,0,1,0,0,0,0,0,0,1,0,0
357,1,2,22.0,4.02535169073515,0,0,1,0,0,0,1,0,0,0,0,1
358,0,1,38.0,2.6390573296152584,0,0,1,0,0,0,0,0,0,1,0,0
359,1,0,28.0,2.1837114628556327,0,1,0,0,0,0,0,0,0,1,0,0
360,1,0,28.0,2.1837114628556327,0,1,0,0,0,0,0,0,0,1,0,0
361,0,0,40.0,3.3638415951183864,1,0,1,0,0,0,0,0,0,1,0,5
362,0,1,29.0,3.357621598945279,1,0,0,0,0,0,0,0,0,1,0,1
363,0,0,45.0,2.737880811060884,0,0,0,0,0,0,0,0,0,1,0,1
364,0,0,35.0,2.085672091430472,1,0,1,0,0,0,0,0,0,1,0,0
365,0,0,28.0,2.803360380906535,1,1,0,0,0,0,0,0,0,1,0,1
366,0,0,30.0,2.1102132003465894,1,0,1,0,0,0,0,0,0,1,0,0
367,1,2,60.0,4.334017415487521,0,0,0,0,0,1,0,0,0,0,0,1
368,1,0,28.0,2.1076888046179385,0,0,0,0,0,0,0,0,0,1,0,0
369,1,0,28.0,2.169053700369523,0,1,0,0,0,0,0,0,0,1,0,0
370,1,2,24.0,4.252771798816619,0,0,0,1,0,0,0,0,0,0,0,0
371,1,2,25.0,4.0332082470129285,1,0,0,0,0,0,1,0,0,0,0,1
372,0,0,18.0,2.0143428636837015,1,0,1,0,0,0,0,0,0,1,0,1
373,0,0,19.0,2.2027647577118348,1,0,1,0,0,0,0,0,0,1,0,0
374,0,2,22.0,4.91730069488021,1,0,0,0,0,0,0,0,0,1,0,0
375,0,0,3.0,3.0944457464900235,0,0,1,0,0,0,0,0,0,1,0,4
376,1,2,28.0,4.420896324687287,0,0,0,0,0,0,0,0,0,1,0,1
377,1,0,22.0,2.1102132003465894,0,0,1,0,0,0,0,0,0,1,0,0
378,0,2,27.0,5.358941988364472,1,0,0,0,1,0,0,0,0,0,0,2
379,0,0,20.0,1.6119347926326877,1,0,0,0,0,0,0,0,0,1,0,0
380,0,0,19.0,2.1719067693519296,1,0,1,0,0,0,0,0,0,1,0,0
381,1,2,42.0,5.4316456135398825,0,0,0,0,0,0,0,0,0,1,0,0
382,1,0,1.0,2.817902613071225,0,0,0,0,0,0,0,0,0,1,0,2
383,0,0,32.0,2.188856327665703,1,0,1,0,0,0,0,0,0,1,0,0
384,1,2,35.0,3.970291913552122,0,0,1,0,0,0,0,0,0,1,0,1
385,0,0,28.0,2.1855792552411137,1,0,1,0,0,0,0,0,0,1,0,0
386,0,1,18.0,4.310799125385514,1,0,1,0,0,0,0,0,0,1,0,0
387,0,0,1.0,3.8691155044168695,1,0,1,0,0,0,0,0,0,1,0,7
388,1,1,36.0,2.6390573296152584,0,0,1,0,0,0,0,0,0,1,0,0
389,0,0,28.0,2.1666737276227077,1,1,0,0,0,0,0,0,0,1,0,0
390,1,1,17.0,2.5649493574615367,0,0,0,0,0,0,0,0,0,1,0,0
391,1,2,36.0,4.795790545596741,1,0,1,1,0,0,0,0,0,0,0,3
392,1,0,21.0,2.174274334826008,1,0,1,0,0,0,0,0,0,1,0,0
393,0,0,28.0,2.188856327665703,1,0,1,0,0,0,0,0,0,1,0,2
394,1,2,23.0,4.738607824217808,0,0,0,0,0,1,0,0,0,0,0,1
395,1,0,24.0,2.8735646395797834,0,0,1,0,0,0,0,0,1,0,0,2
396,0,0,22.0,2.174274334826008,1,0,1,0,0,0,0,0,0,1,0,0
397,0,0,31.0,2.180891922715322,0,0,1,0,0,0,0,0,0,1,0,0
398,0,1,46.0,3.295836866004329,1,0,1,0,0,0,0,0,0,1,0,0
399,0,1,23.0,2.4423470353692043,1,0,1,0,0,0,0,0,0,1,0,0
400,1,1,28.0,2.613739521630969,0,0,1,0,0,0,0,0,0,1,0,0
401,1,0,39.0,2.188856327665703,1,0,1,0,0,0,0,0,0,1,0,0
402,0,0,26.0,2.2027647577118348,1,0,1,0,0,0,0,0,0,1,0,0
403,0,0,21.0,2.3818582738885534,0,0,1,0,0,0,0,0,0,1,0,1
404,0,0,28.0,2.8243506567983707,1,0,1,0,0,0,0,0,0,1,0,1
405,0,0,20.0,2.2682524139135403,0,0,1,0,0,0,0,0,0,1,0,0
406,0,1,34.0,3.091042453358316,1,0,1,0,0,0,0,0,0,1,0,1
407,0,0,51.0,2.169053700369523,1,0,1,0,0,0,0,0,0,1,0,0
408,1,1,3.0,2.9831534913471307,1,0,1,0,0,0,0,0,0,1,0,2
409,0,0,21.0,2.1719067693519296,1,0,1,0,0,0,0,0,0,1,0,0
410,0,0,28.0,3.275887339030031,0,0,1,0,0,0,0,0,0,1,0,4
411,0,0,28.0,2.1855792552411137,1,0,1,0,0,0,0,0,0,1,0,0
412,0,0,28.0,2.061570298060867,1,1,0,0,0,0,0,0,0,1,0,0
413,1,2,33.0,4.51085950651685,0,1,0,0,1,0,0,0,0,0,0,1
414,0,1,28.0,0.0,1,0,1,0,0,0,0,0,0,1,0,0
415,1,0,44.0,2.188856327665703,1,0,1,0,0,0,0,0,0,1,0,0
416,0,0,28.0,2.2027647577118348,0,0,1,0,0,0,0,0,0,1,0,0
417,1,1,34.0,3.5115454388310208,0,0,1,0,0,0,0,0,0,1,0,2
418,1,1,18.0,2.6390573296152584,0,0,1,0,0,0,0,0,0,1,0,2
419,0,1,30.0,2.6390573296152584,1,0,1,0,0,0,0,0,0,1,0,0
420,0,0,10.0,3.224857896545748,0,0,1,0,0,0,0,0,0,1,0,2
421,0,0,28.0,2.1855792552411137,1,0,0,0,0,0,0,0,0,1,0,0
422,0,0,21.0,2.167143305297764,1,1,0,0,0,0,0,0,0,1,0,0
423,0,0,29.0,2.1832383353614797,1,0,1,0,0,0,0,0,0,1,0,0
424,0,0,28.0,2.7343675094195836,0,0,1,0,0,0,0,0,0,1,0,2
425,0,0,18.0,3.0545906305603445,1,0,1,0,0,0,0,0,0,1,0,2
426,0,0,28.0,2.1102132003465894,1,0,1,0,0,0,0,0,0,1,0,0
427,1,1,28.0,3.295836866004329,0,0,1,0,0,0,0,0,0,1,0,1
428,1,1,19.0,3.295836866004329,0,0,1,0,0,0,0,0,0,1,0,0
429,0,0,28.0,2.169053700369523,1,1,0,0,0,0,0,0,0,1,0,0
430,1,0,32.0,2.2027647577118348,1,0,1,0,0,0,1,0,0,0,0,0
431,1,2,28.0,3.3160025355989236,1,0,1,0,1,0,0,0,0,0,0,0
432,1,0,28.0,2.8390784635086144,0,0,1,0,0,0,0,0,0,1,0,1
433,1,1,42.0,3.295836866004329,0,0,1,0,0,0,0,0,0,1,0,1
434,0,0,17.0,2.094945728215801,1,0,1,0,0,0,0,0,0,1,0,0
435,0,2,50.0,4.041295341132285,1,0,1,0,0,0,1,0,0,0,0,1
436,1,2,14.0,4.795790545596741,0,0,1,1,0,0,0,0,0,0,0,3
437,0,0,21.0,3.5660053559634015,0,0,1,0,0,0,0,0,0,1,0,4
438,1,1,24.0,2.9831534913471307,0,0,1,0,0,0,0,0,0,1,0,5
439,0,2,64.0,5.575949103146316,1,0,1,0,1,0,0,0,0,0,0,5
440,0,1,31.0,2.4423470353692043,1,0,1,0,0,0,0,0,0,1,0,0
441,1,1,45.0,3.305053521109253,0,0,1,0,0,0,0,0,0,1,0,2
442,0,0,20.0,2.3513752571634776,1,0,1,0,0,0,0,0,0,1,0,0
443,0,0,25.0,2.1719067693519296,1,0,1,0,0,0,0,0,0,1,0,1
444,1,1,28.0,2.6390573296152584,0,0,1,0,0,0,0,0,0,1,0,0
445,1,0,28.0,2.2096470973347766,1,0,1,0,0,0,0,0,0,1,0,0
446,1,2,4.0,4.417131919904876,1,0,1,0,0,0,0,0,0,0,0,2
447,1,1,13.0,3.0204248861443626,0,0,1,0,0,0,0,0,0,1,0,1
448,1,2,34.0,3.3160025355989236,1,0,1,0,0,0,0,0,0,1,0,0
449,1,0,5.0,3.0085645861193133,0,0,0,0,0,0,0,0,0,1,0,3
450,1,2,52.0,3.449987545831587,1,0,1,0,1,0,0,0,0,0,0,0
451,0,1,36.0,3.3586377672433594,1,0,1,0,0,0,0,0,0,1,0,3
452,0,0,28.0,3.0429354648621407,1,0,1,0,0,0,0,0,0,1,0,1
453,0,2,30.0,3.3586377672433594,1,0,0,0,1,0,0,0,0,0,0,0
454,1,2,49.0,4.500966778400217,1,0,0,0,1,0,0,0,0,0,0,1
455,0,0,28.0,2.2027647577118348,1,0,1,0,0,0,0,0,0,1,0,0
456,1,0,29.0,2.1855792552411137,1,0,0,0,0,0,0,0,0,1,0,0
457,0,2,65.0,3.3160025355989236,1,0,1,0,0,0,1,0,0,0,0,0
458,1,2,28.0,3.967694202798607,0,0,1,0,0,1,0,0,0,0,0,1
459,1,1,50.0,2.4423470353692043,0,0,1,0,0,0,0,0,0,1,0,0
460,0,0,28.0,2.169053700369523,1,1,0,0,0,0,0,0,0,1,0,0
461,1,2,48.0,3.3160025355989236,1,0,1,0,0,0,1,0,0,0,0,0
462,0,0,34.0,2.2027647577118348,1,0,1,0,0,0,0,0,0,1,0,0
463,0,2,47.0,3.676300671907076,1,0,1,0,0,0,1,0,0,0,0,0
464,0,1,48.0,2.6390573296152584,1,0,1,0,0,0,0,0,0,1,0,0
465,0,0,28.0,2.2027647577118348,1,0,1,0,0,0,0,0,0,1,0,0
466,0,0,38.0,2.085672091430472,1,0,1,0,0,0,0,0,0,1,0,0
467,0,1,28.0,0.0,1,0,1,0,0,0,0,0,0,1,0,0
468,0,2,56.0,3.3160025355989236,1,0,1,0,0,0,0,0,0,1,0,0
469,0,0,28.0,2.1661924680884908,1,1,0,0,0,0,0,0,0,1,0,0
470,1,0,0.75,3.0085645861193133,0,0,0,0,0,0,0,0,0,1,0,3
471,0,0,28.0,2.1102132003465894,1,0,1,0,0,0,0,0,0,1,0,0
472,0,0,38.0,2.2682524139135403,1,0,1,0,0,0,0,0,0,1,0,0
473,1,1,33.0,3.3586377672433594,0,0,1,0,0,0,0,0,0,1,0,3
474,1,1,23.0,2.694066212646058,0,0,0,0,0,1,0,0,0,0,0,0
475,0,0,22.0,2.3830123421066602,0,0,1,0,0,0,0,0,0,1,0,0
476,0,2,28.0,3.970291913552122,1,0,1,0,0,0,0,0,0,0,0,0
477,0,1,34.0,3.091042453358316,1,0,1,0,0,0,0,0,0,1,0,1
478,0,0,29.0,2.0851502161468174,1,0,1,0,0,0,0,0,0,1,0,1
479,0,0,22.0,2.142510233146819,1,0,1,0,0,0,0,0,0,1,0,0
480,1,0,2.0,2.586823743668066,0,0,1,0,0,0,0,0,0,1,0,1
481,0,0,9.0,3.8691155044168695,1,0,1,0,0,0,0,0,0,1,0,7
482,0,1,28.0,0.0,1,0,1,0,0,0,0,0,0,1,0,0
483,0,0,50.0,2.2027647577118348,1,0,1,0,0,0,0,0,0,1,0,0
484,1,0,63.0,2.3596740599781727,0,0,1,0,0,0,0,0,0,1,0,0
485,1,2,25.0,4.5226490762785785,1,0,0,1,0,0,0,0,0,0,0,1
486,0,0,28.0,3.275887339030031,0,0,1,0,0,0,0,0,0,1,0,4
487,1,2,35.0,4.51085950651685,0,0,1,0,1,0,0,0,0,0,0,1
488,0,2,58.0,3.4242626545931514,1,0,0,1,0,0,0,0,0,0,0,0
489,0,0,30.0,2.2027647577118348,1,0,1,0,0,0,0,0,0,1,0,0
490,1,0,9.0,2.827313621929028,1,0,1,0,0,0,0,0,0,1,0,2
491,0,0,28.0,3.0429354648621407,1,0,1,0,0,0,0,0,0,1,0,1
492,0,0,21.0,2.1102132003465894,1,0,1,0,0,0,0,0,0,1,0,0
493,0,2,55.0,3.449987545831587,1,0,1,0,1,0,0,0,0,0,0,0
494,0,2,71.0,3.922056501139853,1,0,0,0,0,0,0,0,0,1,0,0
495,0,0,21.0,2.2027647577118348,1,0,1,0,0,0,0,0,0,1,0,0
496,0,0,28.0,2.738146075922933,1,0,0,0,0,0,0,0,0,1,0,0
497,1,2,54.0,4.37281811610993,0,0,0,0,0,1,0,0,0,0,0,1
498,0,0,28.0,2.7788192719904172,1,0,1,0,0,0,0,0,0,1,0,0
499,0,2,25.0,5.027492411162679,0,0,1,0,1,0,0,0,0,0,0,3
500,0,0,24.0,2.174274334826008,1,0,1,0,0,0,0,0,0,1,0,0
501,0,0,17.0,2.2682524139135403,1,0,1,0,0,0,0,0,0,1,0,0
502,0,0,21.0,2.169053700369523,0,1,0,0,0,0,0,0,0,1,0,0
503,0,0,28.0,2.155151800914312,0,1,0,0,0,0,0,0,0,1,0,0
504,0,0,37.0,2.3596740599781727,0,0,1,0,0,0,0,0,0,1,0,0
505,1,2,16.0,4.471638793363569,0,0,1,1,0,0,0,0,0,0,0,0
506,0,2,18.0,4.699570861409576,1,0,0,0,1,0,0,0,0,0,0,1
507,1,1,33.0,3.295836866004329,0,0,1,0,0,0,0,0,0,1,0,2
508,1,2,28.0,3.3160025355989236,1,0,1,0,0,0,0,0,0,1,0,0
509,0,0,28.0,3.1580636854714434,1,0,1,0,0,0,0,0,0,1,0,0
510,1,0,26.0,4.05171190165724,1,0,1,0,0,0,0,0,0,1,0,0
511,1,0,29.0,2.169053700369523,1,1,0,0,0,0,0,0,0,1,0,0
512,0,0,28.0,2.2027647577118348,1,0,1,0,0,0,0,0,0,1,0,0
513,1,2,36.0,3.3064287218760624,1,0,1,0,0,0,1,0,0,0,0,0
514,1,2,54.0,4.100989104940769,0,0,0,0,0,0,0,0,0,1,0,1
515,0,0,24.0,2.139571923732859,1,0,1,0,0,0,0,0,0,1,0,0
516,0,2,47.0,3.5559421706858756,1,0,1,0,0,1,0,0,0,0,0,0
517,1,1,34.0,2.4423470353692043,0,0,1,0,0,0,0,1,0,0,0,0
518,0,0,28.0,3.224857896545748,1,1,0,0,0,0,0,0,0,1,0,0
519,1,1,36.0,3.295836866004329,0,0,1,0,0,0,0,0,0,1,0,1
520,0,0,32.0,2.1855792552411137,1,0,1,0,0,0,0,0,0,1,0,0
521,1,2,30.0,4.548599834499697,0,0,1,1,0,0,0,0,0,0,0,0
522,0,0,22.0,2.1855792552411137,1,0,1,0,0,0,0,0,0,1,0,0
523,0,0,28.0,2.1071782966514356,1,0,0,0,0,0,0,0,0,1,0,0
524,1,2,44.0,4.077184839375167,0,0,0,1,0,0,0,0,0,0,0,1
525,0,0,28.0,2.1076888046179385,1,0,0,0,0,0,0,0,0,1,0,0
526,0,0,40.5,2.169053700369523,1,1,0,0,0,0,0,0,0,1,0,0
527,1,1,50.0,2.4423470353692043,0,0,1,0,0,0,0,0,0,1,0,0
528,0,2,28.0,5.406181146423973,1,0,1,0,1,0,0,0,0,0,0,0
529,0,0,39.0,2.188856327665703,1,0,1,0,0,0,0,0,0,1,0,0
530,0,1,23.0,2.5257286443082556,1,0,1,0,0,0,0,0,0,1,0,3
531,1,1,2.0,3.295836866004329,0,0,1,0,0,0,0,0,0,1,0,2
532,0,0,28.0,2.1076888046179385,1,0,0,0,0,0,0,0,0,1,0,0
533,0,0,17.0,2.1076888046179385,1,0,0,0,0,0,0,0,0,1,0,2
534,1,0,28.0,3.1509523813392697,0,0,0,0,0,0,0,0,0,1,0,2
535,0,0,30.0,2.2682524139135403,0,0,1,0,0,0,0,0,0,1,0,0
536,1,1,7.0,3.305053521109253,0,0,1,0,0,0,0,0,0,1,0,2
537,0,2,45.0,3.3160025355989236,1,0,1,1,0,0,0,0,0,0,0,0
538,1,2,30.0,4.676792929661059,0,0,0,0,0,0,0,0,0,1,0,0
539,0,0,28.0,2.740840023925201,1,0,1,0,0,0,0,0,0,1,0,0
540,1,2,22.0,3.9219733362813143,0,0,0,1,0,0,0,0,0,0,0,2
541,1,2,36.0,4.276666119016055,0,0,1,1,0,0,0,0,0,0,0,2
542,0,0,9.0,3.4742929367327062,0,0,1,0,0,0,0,0,0,1,0,6
543,0,0,11.0,3.4742929367327062,0,0,1,0,0,0,0,0,0,1,0,6
544,1,1,32.0,3.295836866004329,1,0,1,0,0,0,0,0,0,1,0,1
545,0,2,50.0,4.676792929661059,1,0,0,0,1,0,0,0,0,0,0,1
546,0,2,64.0,3.295836866004329,1,0,1,0,0,0,0,0,0,1,0,0
547,1,1,19.0,3.295836866004329,0,0,1,0,0,0,0,0,0,1,0,1
548,1,1,28.0,2.6988412620169004,1,0,0,0,0,0,0,0,0,1,0,0
549,0,0,33.0,3.0692150503137943,1,0,1,0,0,0,0,0,0,1,0,2
550,1,1,8.0,3.6309854756950335,1,0,1,0,0,0,0,0,0,1,0,2
551,1,2,17.0,4.717456363787216,1,0,0,0,1,0,0,0,0,0,0,2
552,0,1,27.0,3.295836866004329,1,0,1,0,0,0,0,0,0,1,0,0
553,0,0,28.0,2.17806441028492,1,1,0,0,0,0,0,0,0,1,0,0
554,1,0,22.0,2.1071782966514356,1,0,0,0,0,0,0,0,0,1,0,0
555,1,0,22.0,2.1719067693519296,0,0,1,0,0,0,0,0,0,1,0,0
556,0,2,62.0,3.3160025355989236,1,0,1,0,0,0,0,0,0,1,0,0
557,1,2,48.0,3.703768066607687,0,0,0,0,0,0,0,0,0,0,0,1
558,0,2,28.0,5.4316456135398825,1,0,0,0,0,0,0,0,0,1,0,0
559,1,2,39.0,4.390118804571218,0,0,1,0,0,0,1,0,0,0,0,2
560,1,0,36.0,2.91235066461494,0,0,1,0,0,0,0,0,0,1,0,1
561,0,0,28.0,2.169053700369523,1,1,0,0,0,0,0,0,0,1,0,0
562,0,0,40.0,2.1855792552411137,1,0,1,0,0,0,0,0,0,1,0,0
563,0,1,28.0,2.6741486494265287,1,0,1,0,0,0,0,0,0,1,0,0
564,0,0,28.0,2.2027647577118348,1,0,1,0,0,0,0,0,0,1,0,0
565,0,0,28.0,2.2027647577118348,0,0,1,0,0,0,0,0,0,1,0,0
566,0,0,24.0,3.224857896545748,1,0,1,0,0,0,0,0,0,1,0,2
567,0,0,19.0,2.1855792552411137,1,0,1,0,0,0,0,0,0,1,0,0
568,0,0,29.0,3.0944457464900235,0,0,1,0,0,0,0,0,0,1,0,4
569,0,0,28.0,2.1076888046179385,1,0,0,0,0,0,0,0,0,1,0,0
570,1,0,32.0,2.180891922715322,1,0,1,0,0,0,0,0,0,1,0,0
571,1,1,62.0,2.4423470353692043,1,0,1,0,0,0,0,0,0,1,0,0
572,1,2,53.0,3.960416900617205,0,0,1,0,1,0,0,0,0,0,0,2
573,1,2,36.0,3.3100867049215847,1,0,1,0,0,0,1,0,0,0,0,0
574,1,0,28.0,2.169053700369523,0,1,0,0,0,0,0,0,0,1,0,0
575,0,0,16.0,2.2027647577118348,1,0,1,0,0,0,0,0,0,1,0,0
576,0,0,19.0,2.740840023925201,1,0,1,0,0,0,0,0,0,1,0,0
577,1,1,34.0,2.6390573296152584,0,0,1,0,0,0,0,0,0,1,0,0
578,1,2,39.0,4.041295341132285,0,0,1,0,0,0,1,0,0,0,0,1
579,0,0,28.0,2.738146075922933,0,0,0,0,0,0,0,0,0,1,0,1
580,1,0,32.0,2.188856327665703,1,0,1,0,0,0,0,0,0,1,0,0
581,1,1,25.0,3.4339872044851463,0,0,1,0,0,0,0,0,0,1,0,2
582,1,2,39.0,4.717456363787216,0,0,0,0,1,0,0,0,0,0,0,2
583,0,1,54.0,3.295836866004329,1,0,1,0,0,0,0,0,0,1,0,0
584,0,2,36.0,3.716616209085536,1,0,0,0,0,0,0,0,0,0,0,0
585,0,0,28.0,2.2734137156937657,1,0,0,0,0,0,0,0,0,1,0,0
586,1,2,18.0,4.390118804571218,0,0,1,0,0,0,1,0,0,0,0,2
587,0,1,47.0,2.772588722239781,1,0,1,0,0,0,0,0,0,1,0,0
588,1,2,60.0,4.384523514872469,1,0,0,1,0,0,0,0,0,0,0,2
589,0,0,22.0,2.2027647577118348,1,0,1,0,0,0,0,0,0,1,0,0
590,0,0,28.0,2.2027647577118348,1,0,1,0,0,0,0,0,0,1,0,0
591,0,0,35.0,2.094945728215801,1,0,1,0,0,0,0,0,0,1,0,0
592,1,2,52.0,4.37281811610993,0,0,0,0,0,1,0,0,0,0,0,1
593,0,0,47.0,2.1102132003465894,1,0,1,0,0,0,0,0,0,1,0,0
594,0,0,28.0,2.169053700369523,0,1,0,0,0,0,0,0,0,1,0,2
595,0,1,37.0,3.295836866004329,1,0,1,0,0,0,0,0,0,1,0,1
596,0,0,36.0,3.224857896545748,1,0,1,0,0,0,0,0,0,1,0,2
597,1,1,28.0,3.5263605246161616,0,0,1,0,0,0,0,0,0,1,0,0
598,0,0,49.0,0.0,1,0,1,0,0,0,0,0,0,1,0,0
599,0,0,28.0,2.1071782966514356,1,0,0,0,0,0,0,0,0,1,0,0
600,1,2,49.0,4.0592215752427645,1,0,0,0,0,0,0,0,0,0,0,1
601,1,1,24.0,3.332204510175204,0,0,1,0,0,0,0,0,0,1,0,3
602,0,0,28.0,2.1855792552411137,1,0,1,0,0,0,0,0,0,1,0,0
603,0,2,28.0,3.770459441106359,1,0,1,0,0,0,0,0,0,1,0,0
604,0,0,44.0,2.2027647577118348,1,0,1,0,0,0,0,0,0,1,0,0
605,1,2,35.0,3.3160025355989236,1,0,0,0,0,0,0,0,0,1,0,0
606,0,0,36.0,2.806386101823072,1,0,1,0,0,0,0,0,0,1,0,1
607,0,0,30.0,2.1855792552411137,1,0,1,0,0,0,0,0,0,1,0,0
608,1,2,27.0,3.449987545831587,1,0,1,0,0,0,0,0,0,1,0,0
609,1,1,22.0,3.7513658711253766,0,0,0,0,0,0,0,0,0,1,0,3
610,1,2,40.0,5.039951348430309,0,0,1,0,1,0,0,0,0,0,0,0
611,0,0,39.0,3.4742929367327062,0,0,1,0,0,0,0,0,0,1,0,6
612,0,0,28.0,2.085672091430472,1,0,1,0,0,0,0,0,0,1,0,0
613,1,0,28.0,2.803360380906535,0,1,0,0,0,0,0,0,0,1,0,1
614,0,0,28.0,2.169053700369523,1,1,0,0,0,0,0,0,0,1,0,0
615,0,0,35.0,2.2027647577118348,1,0,1,0,0,0,0,0,0,1,0,0
616,1,1,24.0,4.189654742026425,0,0,1,0,0,0,0,0,0,1,0,3
617,0,0,34.0,2.7343675094195836,1,0,1,0,0,0,0,0,0,1,0,2
618,0,0,26.0,2.8390784635086144,0,0,1,0,0,0,0,0,0,1,0,1
619,1,1,4.0,3.6888794541139363,0,0,1,0,0,0,0,1,0,0,0,3
620,0,1,26.0,2.4423470353692043,1,0,1,0,0,0,0,0,0,1,0,0
621,0,0,27.0,2.737880811060884,1,0,0,0,0,0,0,0,0,1,0,1
622,1,2,42.0,3.9806942251907276,1,0,1,0,0,1,0,0,0,0,0,1
623,1,0,20.0,2.817902613071225,1,0,0,0,0,0,0,0,0,1,0,2
624,0,0,21.0,2.180891922715322,1,0,1,0,0,0,0,0,0,1,0,0
625,0,0,21.0,2.8390784635086144,1,0,1,0,0,0,0,0,0,1,0,0
626,0,2,61.0,3.5061818266142577,1,0,1,0,0,1,0,0,0,0,0,0
627,0,1,57.0,2.5915163848462583,1,1,0,0,0,0,0,0,0,1,0,0
628,1,2,21.0,4.368919865004903,0,0,1,0,0,1,0,0,0,0,0,0
629,0,0,26.0,2.1855792552411137,1,0,1,0,0,0,0,0,0,1,0,0
630,0,0,28.0,2.167143305297764,1,1,0,0,0,0,0,0,0,1,0,0
631,1,2,80.0,3.4339872044851463,1,0,1,0,0,0,0,0,0,0,0,0
632,0,0,51.0,2.086193694502369,1,0,1,0,0,0,0,0,0,1,0,0
633,1,2,32.0,3.449987545831587,1,0,0,1,0,0,0,0,0,0,0,0
634,0,2,28.0,0.0,1,0,1,0,0,0,0,0,0,1,0,0
635,0,0,9.0,3.3638415951183864,0,0,1,0,0,0,0,0,0,1,0,5
636,1,1,28.0,2.6390573296152584,0,0,1,0,0,0,0,0,0,1,0,0
637,0,0,32.0,2.188856327665703,1,0,1,0,0,0,0,0,0,1,0,0
638,0,1,31.0,3.305053521109253,1,0,1,0,0,0,0,0,0,1,0,2
639,0,0,41.0,3.705920919968788,0,0,1,0,0,0,0,0,0,1,0,5
640,0,0,28.0,2.8390784635086144,1,0,1,0,0,0,0,0,0,1,0,1
641,0,0,20.0,2.180891922715322,1,0,1,0,0,0,0,0,0,1,0,0
642,1,2,24.0,4.252771798816619,0,0,0,1,0,0,0,0,0,0,0,0
643,0,0,2.0,3.3638415951183864,0,0,1,0,0,0,0,0,0,1,0,5
644,1,0,28.0,4.05171190165724,1,0,1,0,0,0,0,0,0,1,0,0
645,1,0,0.75,3.0085645861193133,0,0,0,0,0,0,0,0,0,1,0,3
646,1,2,48.0,4.353230991152628,1,0,0,0,0,1,0,0,0,0,0,1
647,0,0,19.0,2.1855792552411137,1,0,1,0,0,0,0,0,0,1,0,0
648,1,2,56.0,3.597312260588446,1,0,0,0,0,0,0,0,0,0,0,0
649,0,0,28.0,2.145931282948669,1,0,1,0,0,0,0,0,0,1,0,0
650,1,0,23.0,2.145931282948669,0,0,1,0,0,0,0,0,0,1,0,0
651,0,0,28.0,2.1855792552411137,1,0,1,0,0,0,0,0,0,1,0,0
652,1,1,18.0,3.1780538303479458,0,0,1,0,0,0,0,0,0,1,0,1
653,0,0,21.0,2.2442459824059346,1,0,1,0,0,0,0,0,0,1,0,0
654,1,0,28.0,2.17806441028492,0,1,0,0,0,0,0,0,0,1,0,0
655,0,0,18.0,2.0476928433652555,0,1,0,0,0,0,0,0,0,1,0,0
656,0,1,24.0,4.310799125385514,1,0,1,0,0,0,0,0,0,1,0,2
657,0,0,28.0,2.1855792552411137,1,0,1,0,0,0,0,0,0,1,0,0
658,0,0,32.0,2.803360380906535,0,1,0,0,0,0,0,0,0,1,0,2
659,0,1,23.0,2.6390573296152584,1,0,1,0,0,0,0,0,0,1,0,0
660,0,2,58.0,4.738607824217808,1,0,0,0,0,1,0,0,0,0,0,2
661,1,2,50.0,4.902678819257608,1,0,1,0,0,0,0,0,0,1,0,2
662,0,0,40.0,2.1071782966514356,1,0,0,0,0,0,0,0,0,1,0,0
663,0,2,47.0,3.2804411805263554,1,0,1,0,0,0,1,0,0,0,0,0
664,0,0,36.0,2.139571923732859,1,0,1,0,0,0,0,0,0,1,0,0
665,1,0,20.0,2.188856327665703,1,0,1,0,0,0,0,0,0,1,0,1
666,0,1,32.0,4.310799125385514,1,0,1,0,0,0,0,0,0,1,0,2
667,0,1,25.0,2.6390573296152584,1,0,1,0,0,0,0,0,0,1,0,0
668,0,0,28.0,2.1719067693519296,1,0,1,0,0,0,0,0,0,1,0,0
669,0,0,43.0,2.2027647577118348,1,0,1,0,0,0,0,0,0,1,0,0
670,1,2,28.0,3.970291913552122,0,0,1,0,1,0,0,0,0,0,0,1
671,1,1,40.0,3.6888794541139363,0,0,1,0,0,0,0,0,0,1,0,2
672,0,2,31.0,3.970291913552122,1,0,1,1,0,0,0,0,0,0,0,1
673,0,1,70.0,2.4423470353692043,1,0,1,0,0,0,0,0,0,1,0,0
674,1,1,31.0,2.6390573296152584,1,0,1,0,0,0,0,0,0,1,0,0
675,0,1,28.0,0.0,1,0,1,0,0,0,0,0,0,1,0,0
676,0,0,18.0,2.1719067693519296,1,0,1,0,0,0,0,0,0,1,0,0
677,0,0,24.5,2.2027647577118348,1,0,1,0,0,0,0,0,0,1,0,0
678,1,0,18.0,2.3833998102837652,0,0,1,0,0,0,0,0,0,1,0,0
679,0,0,43.0,3.8691155044168695,0,0,1,0,0,0,0,0,0,1,0,7
680,1,2,36.0,6.240917354759096,1,0,0,1,0,0,0,0,0,0,0,1
681,0,0,28.0,2.212386825075897,0,1,0,0,0,0,0,0,0,1,0,0
682,1,2,27.0,4.353230991152628,1,0,0,0,0,1,0,0,0,0,0,0
683,0,0,20.0,2.3248357019288655,1,0,1,0,0,0,0,0,0,1,0,0
684,0,0,14.0,3.8691155044168695,1,0,1,0,0,0,0,0,0,1,0,7
685,0,1,60.0,3.6888794541139363,1,0,1,0,0,0,0,0,0,1,0,2
686,0,1,25.0,3.7513658711253766,1,0,0,0,0,0,0,0,0,1,0,3
687,0,0,14.0,3.705920919968788,1,0,1,0,0,0,0,0,0,1,0,5
688,0,0,19.0,2.4133032309283076,1,0,1,0,0,0,0,0,0,1,0,0
689,0,0,18.0,2.174274334826008,1,0,1,0,0,0,0,0,0,1,0,0
690,1,2,15.0,5.35817698994543,0,0,1,1,0,0,0,0,0,0,0,1
691,1,2,31.0,4.060443010546419,1,0,1,1,0,0,0,0,0,0,0,1
692,1,0,4.0,2.668387256845834,0,0,0,0,0,0,0,0,0,1,0,1
693,1,0,28.0,4.05171190165724,1,0,1,0,0,0,0,0,0,1,0,0
694,0,0,25.0,2.1071782966514356,1,0,0,0,0,0,0,0,0,1,0,0
695,0,2,60.0,3.3160025355989236,1,0,1,0,0,0,0,0,0,1,0,0
696,0,1,52.0,2.6741486494265287,1,0,1,0,0,0,0,0,0,1,0,0
697,0,0,44.0,2.2027647577118348,1,0,1,0,0,0,0,0,0,1,0,0
698,1,0,28.0,2.167143305297764,0,1,0,0,0,0,0,0,0,1,0,0
699,0,2,49.0,4.717456363787216,1,0,0,0,1,0,0,0,0,0,0,2
700,0,0,42.0,2.157559320943788,1,0,1,0,0,0,0,1,0,0,0,0
701,1,2,18.0,5.4316456135398825,0,0,0,0,1,0,0,0,0,0,0,1
702,1,2,35.0,3.3064287218760624,1,0,1,0,0,0,1,0,0,0,0,0
703,0,0,18.0,2.737880811060884,0,0,0,0,0,0,0,0,0,1,0,1
704,0,0,25.0,2.1681046787623672,1,1,0,0,0,0,0,0,0,1,0,0
705,0,0,26.0,2.180891922715322,1,0,1,0,0,0,0,0,0,1,0,1
706,0,1,39.0,3.295836866004329,1,0,1,0,0,0,0,0,0,1,0,0
707,1,1,45.0,2.6741486494265287,0,0,1,0,0,0,0,0,0,1,0,0
708,1,2,42.0,3.3064287218760624,1,0,1,0,0,0,1,0,0,0,0,0
709,1,2,22.0,5.027492411162679,0,0,1,0,0,0,0,0,0,1,0,0
710,1,0,28.0,2.7878344138303452,1,0,0,0,0,0,0,0,0,1,0,2
711,1,2,24.0,3.922056501139853,0,0,0,0,1,0,0,0,0,0,0,0
712,0,2,28.0,3.3160025355989236,1,0,1,0,1,0,0,0,0,0,0,0
713,1,2,48.0,3.970291913552122,1,0,1,0,1,0,0,0,0,0,0,1
714,0,0,29.0,2.3497835148230464,1,0,1,0,0,0,0,0,0,1,0,0
715,0,1,52.0,2.6390573296152584,1,0,1,0,0,0,0,0,0,1,0,0
716,0,0,19.0,2.157559320943788,1,0,1,0,0,0,0,1,0,0,0,0
717,1,2,38.0,5.4316456135398825,0,0,0,0,1,0,0,0,0,0,0,0
718,1,1,27.0,2.4423470353692043,0,0,1,0,0,0,1,0,0,0,0,0
719,0,0,28.0,2.803360380906535,1,1,0,0,0,0,0,0,0,1,0,0
720,0,0,33.0,2.1719067693519296,1,0,1,0,0,0,0,0,0,1,0,0
721,1,1,6.0,3.5263605246161616,0,0,1,0,0,0,0,0,0,1,0,1
722,0,0,17.0,2.086193694502369,1,0,1,0,0,0,0,0,0,1,0,1
723,0,1,34.0,2.6390573296152584,1,0,1,0,0,0,0,0,0,1,0,0
724,0,1,50.0,2.6390573296152584,1,0,1,0,0,0,0,0,0,1,0,0
725,1,2,27.0,3.9908341858524357,1,0,1,0,0,0,1,0,0,0,0,1
726,0,0,20.0,2.2682524139135403,1,0,1,0,0,0,0,0,0,1,0,0
727,1,1,30.0,3.091042453358316,0,0,1,0,0,0,0,0,0,1,0,3
728,1,0,28.0,2.1676241075599285,0,1,0,0,0,0,0,0,0,1,0,0
729,0,1,25.0,3.295836866004329,1,0,1,0,0,0,0,0,0,1,0,1
730,0,0,25.0,2.188856327665703,0,0,1,0,0,0,0,0,0,1,0,1
731,1,2,29.0,5.35817698994543,0,0,1,1,0,0,0,0,0,0,0,0
732,0,0,11.0,2.9850504252071306,1,0,0,0,0,0,0,0,0,1,0,0
733,0,1,28.0,0.0,1,0,1,0,0,0,0,0,0,1,0,0
734,0,1,23.0,2.6390573296152584,1,0,1,0,0,0,0,0,0,1,0,0
735,0,1,23.0,2.6390573296152584,1,0,1,0,0,0,0,0,0,1,0,0
736,0,0,28.5,2.8390784635086144,1,0,1,0,0,0,0,0,0,1,0,0
737,0,0,48.0,3.5660053559634015,0,0,1,0,0,0,0,0,0,1,0,4
738,1,2,35.0,6.240917354759096,1,0,0,1,0,0,0,0,0,0,0,0
739,0,0,28.0,2.1855792552411137,1,0,1,0,0,0,0,0,0,1,0,0
740,0,0,28.0,2.1855792552411137,1,0,1,0,0,0,0,0,0,1,0,0
741,1,2,28.0,3.4339872044851463,1,0,1,0,0,1,0,0,0,0,0,0
742,0,2,36.0,4.380149874661021,1,0,1,0,1,0,0,0,0,0,0,1
743,1,2,21.0,5.5735788721243535,0,0,0,1,0,0,0,0,0,0,0,4
744,0,0,24.0,2.8390784635086144,1,0,1,0,0,0,0,0,0,1,0,1
745,1,0,31.0,2.188856327665703,1,0,1,0,0,0,0,0,0,1,0,0
746,0,2,70.0,4.276666119016055,1,0,1,1,0,0,0,0,0,0,0,2
747,0,0,16.0,3.056356895370426,1,0,1,0,0,0,0,0,0,1,0,2
748,1,1,30.0,2.6390573296152584,0,0,1,0,0,0,0,0,0,1,0,0
749,0,2,19.0,3.9908341858524357,1,0,1,0,0,1,0,0,0,0,0,1
750,0,0,31.0,2.169053700369523,1,1,0,0,0,0,0,0,0,1,0,0
751,1,1,4.0,3.1780538303479458,0,0,1,0,0,0,0,0,0,1,0,2
752,1,0,6.0,2.600836116795061,1,0,1,0,0,0,1,0,0,0,0,1
753,0,0,33.0,2.3513752571634776,1,0,1,0,0,0,0,0,0,1,0,0
754,0,0,23.0,2.1855792552411137,1,0,1,0,0,0,0,0,0,1,0,0
755,1,1,48.0,4.189654742026425,0,0,1,0,0,0,0,0,0,1,0,3
756,1,1,0.67,2.740840023925201,1,0,1,0,0,0,0,0,0,1,0,2
757,0,0,28.0,2.174274334826008,1,0,1,0,0,0,0,0,0,1,0,0
758,0,1,18.0,2.5257286443082556,1,0,1,0,0,0,0,0,0,1,0,0
759,0,0,34.0,2.2027647577118348,1,0,1,0,0,0,0,0,0,1,0,0
760,1,2,33.0,4.471638793363569,0,0,1,1,0,0,0,0,0,0,0,0
761,0,0,28.0,2.740840023925201,1,0,1,0,0,0,0,0,0,1,0,0
762,0,0,41.0,2.094945728215801,1,0,1,0,0,0,0,0,0,1,0,0
763,1,0,20.0,2.1076888046179385,1,0,0,0,0,0,0,0,0,1,0,0
764,1,2,36.0,4.795790545596741,0,0,1,1,0,0,0,0,0,0,0,3
765,0,0,16.0,2.1719067693519296,1,0,1,0,0,0,0,0,0,1,0,0
766,1,2,51.0,4.368919865004903,0,0,1,0,0,1,0,0,0,0,0,1
767,0,2,28.0,3.703768066607687,1,0,0,0,0,0,0,0,0,1,0,0
768,0,0,30.5,2.169053700369523,0,1,0,0,0,0,0,0,0,1,0,0
769,0,0,28.0,3.224857896545748,1,1,0,0,0,0,0,0,0,1,0,1
770,0,0,32.0,2.236712348843338,1,0,1,0,0,0,0,0,0,1,0,0
771,0,0,24.0,2.3513752571634776,1,0,1,0,0,0,0,0,0,1,0,0
772,0,0,48.0,2.180891922715322,1,0,1,0,0,0,0,0,0,1,0,0
773,0,1,57.0,2.4423470353692043,0,0,1,0,0,0,1,0,0,0,0,0
774,0,0,28.0,2.1071782966514356,1,0,0,0,0,0,0,0,0,1,0,0
775,1,1,54.0,3.1780538303479458,0,0,1,0,0,0,0,0,0,1,0,4
776,0,0,18.0,2.169053700369523,1,0,1,0,0,0,0,0,0,1,0,0
777,0,0,28.0,2.169053700369523,1,1,0,0,0,0,0,1,0,0,0,0
778,1,0,5.0,2.600836116795061,0,0,1,0,0,0,0,0,0,1,0,0
779,0,0,28.0,2.1676241075599285,1,1,0,0,0,0,0,0,0,1,0,0
780,1,2,43.0,5.35817698994543,0,0,1,1,0,0,0,0,0,0,0,1
781,1,0,13.0,2.1076888046179385,0,0,0,0,0,0,0,0,0,1,0,0
782,1,2,17.0,4.060443010546419,0,0,1,1,0,0,0,0,0,0,0,1
783,0,2,29.0,3.4339872044851463,1,0,1,0,0,1,0,0,0,0,0,0
784,0,0,28.0,3.196630215920881,1,0,1,0,0,0,0,0,0,1,0,3
785,0,0,25.0,2.085672091430472,1,0,1,0,0,0,0,0,0,1,0,0
786,0,0,25.0,2.1102132003465894,1,0,1,0,0,0,0,0,0,1,0,0
787,1,0,18.0,2.139571923732859,0,0,1,0,0,0,0,0,0,1,0,0
788,0,0,8.0,3.405355391810819,1,1,0,0,0,0,0,0,0,1,0,5
789,1,0,1.0,3.0715352369694915,1,0,1,0,0,0,0,0,0,1,0,3
790,0,2,46.0,4.384523514872469,1,0,0,1,0,0,0,0,0,0,0,0
791,0,0,28.0,2.169053700369523,1,1,0,0,0,0,0,0,0,1,0,0
792,0,1,16.0,3.295836866004329,1,0,1,0,0,0,0,0,0,1,0,0
793,0,0,28.0,4.256321678298823,0,0,1,0,0,0,0,0,0,1,0,10
794,0,2,28.0,3.4561841799918147,1,0,0,0,0,0,0,0,0,1,0,0
795,0,0,25.0,2.1855792552411137,1,0,1,0,0,0,0,0,0,1,0,0
796,0,1,39.0,2.6390573296152584,1,0,1,0,0,0,0,0,0,1,0,0
797,1,2,49.0,3.2932111997353943,0,0,1,0,0,1,0,0,0,0,0,0
798,1,0,31.0,2.270402752283094,0,0,1,0,0,0,0,0,0,1,0,0
799,0,0,30.0,2.1076888046179385,1,0,0,0,0,0,0,0,0,1,0,0
800,0,0,30.0,3.224857896545748,0,0,1,0,0,0,0,0,0,1,0,2
801,0,1,34.0,2.6390573296152584,1,0,1,0,0,0,0,0,0,1,0,0
802,1,1,31.0,3.305053521109253,0,0,1,0,0,0,0,0,0,1,0,2
803,1,2,11.0,4.795790545596741,1,0,1,1,0,0,0,0,0,0,0,3
804,1,0,0.42,2.2530481500547457,1,0,0,0,0,0,0,0,0,1,0,1
805,1,0,27.0,2.076311648670908,1,0,1,0,0,0,0,0,0,1,0,0
806,0,0,31.0,2.1719067693519296,1,0,1,0,0,0,0,0,0,1,0,0
807,0,2,39.0,0.0,1,0,1,0,0,0,0,0,0,0,0,0
808,0,0,18.0,2.1719067693519296,0,0,1,0,0,0,0,0,0,1,0,0
809,0,1,39.0,2.6390573296152584,1,0,1,0,0,0,0,0,0,1,0,0
810,1,2,33.0,3.9908341858524357,0,0,1,0,0,0,1,0,0,0,0,1
811,0,0,26.0,2.1846457951293594,1,0,1,0,0,0,0,0,0,1,0,0
812,0,0,39.0,3.224857896545748,1,0,1,0,0,0,0,0,0,1,0,0
813,0,1,35.0,2.4423470353692043,1,0,1,0,0,0,0,0,0,1,0,0
814,0,0,6.0,3.4742929367327062,0,0,1,0,0,0,0,0,0,1,0,6
815,0,0,30.5,2.2027647577118348,1,0,1,0,0,0,0,0,0,1,0,0
816,0,2,28.0,0.0,1,0,1,1,0,0,0,0,0,0,0,0
817,0,0,23.0,2.188856327665703,0,0,1,0,0,0,0,0,0,1,0,0
818,0,1,31.0,3.637696679934592,1,0,0,0,0,0,0,0,0,1,0,2
819,0,0,43.0,2.0082140323914683,1,0,1,0,0,0,0,0,0,1,0,0
820,0,0,10.0,3.3638415951183864,1,0,1,0,0,0,0,0,0,1,0,5
821,1,2,52.0,4.548599834499697,0,0,1,1,0,0,0,0,0,0,0,2
822,1,0,27.0,2.2682524139135403,1,0,1,0,0,0,0,0,0,1,0,0
823,0,2,38.0,0.0,1,0,1,0,0,0,0,0,0,1,0,0
824,1,0,27.0,2.600836116795061,0,0,1,0,0,0,1,0,0,0,0,1
825,0,0,2.0,3.705920919968788,1,0,1,0,0,0,0,0,0,1,0,5
826,0,0,28.0,2.0731719286662407,1,1,0,0,0,0,0,0,0,1,0,0
827,0,0,28.0,4.05171190165724,1,0,1,0,0,0,0,0,0,1,0,0
828,1,1,1.0,3.637696679934592,1,0,0,0,0,0,0,0,0,1,0,2
829,1,0,28.0,2.169053700369523,1,1,0,0,0,0,0,0,0,1,0,0
830,1,2,62.0,4.394449154672439,0,0,0,1,0,0,0,0,0,0,0,0
831,1,0,15.0,2.737880811060884,0,0,0,0,0,0,0,0,0,1,0,1
832,1,1,0.83,2.9831534913471307,1,0,1,0,0,0,0,0,0,1,0,2
833,0,0,28.0,2.1076888046179385,1,0,0,0,0,0,0,0,0,1,0,0
834,0,0,23.0,2.180891922715322,1,0,1,0,0,0,0,0,0,1,0,0
835,0,0,18.0,2.2300144001592104,1,0,1,0,0,0,0,0,0,1,0,0
836,1,2,39.0,4.432699549165613,0,0,0,0,0,0,1,0,0,0,0,2
837,0,0,21.0,2.2682524139135403,1,0,1,0,0,0,0,0,0,1,0,0
838,0,0,28.0,2.2027647577118348,1,0,1,0,0,0,0,0,0,1,0,0
839,1,0,32.0,4.05171190165724,1,0,1,0,0,0,0,0,0,1,0,0
840,1,2,28.0,3.4242626545931514,1,0,0,0,1,0,0,0,0,0,0,0
841,0,0,20.0,2.188856327665703,1,0,1,0,0,0,0,0,0,1,0,0
842,0,1,16.0,2.4423470353692043,1,0,1,0,0,0,0,0,0,1,0,0
843,1,2,30.0,3.4657359027997265,0,0,0,0,0,0,0,0,0,1,0,0
844,0,0,34.5,2.006534770871748,1,0,0,0,0,0,0,0,0,1,0,0
845,0,0,17.0,2.2682524139135403,1,0,1,0,0,0,0,0,0,1,0,0
846,0,0,42.0,2.145931282948669,1,0,1,0,0,0,0,0,0,1,0,0
847,0,0,28.0,4.256321678298823,1,0,1,0,0,0,0,0,0,1,0,10
848,0,0,35.0,2.1855792552411137,1,0,0,0,0,0,0,0,0,1,0,0
849,0,1,28.0,3.5263605246161616,1,0,1,0,0,0,0,0,0,1,0,1
850,1,2,28.0,4.500966778400217,0,0,0,0,1,0,0,0,0,0,0,1
851,0,0,4.0,3.4742929367327062,1,0,1,0,0,0,0,0,0,1,0,6
852,0,0,74.0,2.1719067693519296,1,0,1,0,0,0,0,0,0,1,0,0
853,0,0,9.0,2.7878344138303452,0,0,0,0,0,0,0,0,0,1,0,2
854,1,2,16.0,3.698829784967104,0,0,1,0,0,1,0,0,0,0,0,1
855,0,1,44.0,3.295836866004329,0,0,1,0,0,0,0,0,0,1,0,1
856,1,0,18.0,2.336986519711378,0,0,1,0,0,0,0,0,0,1,0,1
857,1,2,45.0,5.11118445372147,0,0,1,0,0,0,0,0,0,1,0,2
858,1,2,51.0,3.3160025355989236,1,0,1,0,0,0,1,0,0,0,0,0
859,1,0,24.0,3.0085645861193133,0,0,0,0,0,0,0,0,0,1,0,3
860,0,0,28.0,2.1076888046179385,1,0,0,0,0,0,0,0,0,1,0,0
861,0,0,41.0,2.7152442616824506,1,0,1,0,0,0,0,0,0,1,0,2
862,0,1,21.0,2.5257286443082556,1,0,1,0,0,0,0,0,0,1,0,1
863,1,2,48.0,3.2932111997353943,0,0,1,0,0,1,0,0,0,0,0,0
864,0,0,28.0,4.256321678298823,0,0,1,0,0,0,0,0,0,1,0,10
865,0,1,24.0,2.6390573296152584,1,0,1,0,0,0,0,0,0,1,0,0
866,1,1,42.0,2.6390573296152584,0,0,1,0,0,0,0,0,0,1,0,0
867,1,1,27.0,2.698558631668595,0,0,0,0,0,0,0,0,0,1,0,1
868,0,2,31.0,3.941500250945973,1,0,1,0,0,0,0,0,0,0,0,0
869,0,0,28.0,2.3513752571634776,1,0,1,0,0,0,0,0,0,1,0,0
870,1,0,4.0,2.495953738718064,1,0,1,0,0,0,0,0,0,1,0,2
871,0,0,26.0,2.1855792552411137,1,0,1,0,0,0,0,0,0,1,0,0
872,1,2,47.0,3.9806942251907276,0,0,1,0,0,1,0,0,0,0,0,2
873,0,2,33.0,1.791759469228055,1,0,1,1,0,0,0,0,0,0,0,0
874,0,0,47.0,2.302585092994046,1,0,1,0,0,0,0,0,0,1,0,0
875,1,1,28.0,3.2188758248682006,0,0,0,0,0,0,0,0,0,1,0,1
876,1,0,15.0,2.1071782966514356,0,0,0,0,0,0,0,0,0,1,0,0
877,0,0,20.0,2.3837779082709782,1,0,1,0,0,0,0,0,0,1,0,0
878,0,0,19.0,2.1855792552411137,1,0,1,0,0,0,0,0,0,1,0,0
879,0,0,28.0,2.1855792552411137,1,0,1,0,0,0,0,0,0,1,0,0
880,1,2,56.0,4.432699549165613,0,0,0,0,1,0,0,0,0,0,0,1
881,1,1,25.0,3.295836866004329,0,0,1,0,0,0,0,0,0,1,0,1
882,0,0,33.0,2.1855792552411137,1,0,1,0,0,0,0,0,0,1,0,0
883,0,0,22.0,2.4437981558973862,0,0,1,0,0,0,0,0,0,1,0,0
884,0,1,28.0,2.4423470353692043,1,0,1,0,0,0,0,0,0,1,0,0
885,0,0,25.0,2.085672091430472,1,0,1,0,0,0,0,0,0,1,0,0
886,0,0,39.0,3.405355391810819,0,1,0,0,0,0,0,0,0,1,0,5
887,0,1,27.0,2.6390573296152584,1,0,1,0,0,0,0,0,0,1,0,0
888,1,2,19.0,3.4339872044851463,0,0,1,1,0,0,0,0,0,0,0,0
889,0,0,28.0,3.196630215920881,0,0,1,0,0,0,0,0,0,1,0,3
890,1,2,26.0,3.4339872044851463,1,0,0,0,1,0,0,0,0,0,0,0
891,0,0,32.0,2.169053700369523,1,1,0,0,0,0,0,0,0,1,0,0
